{"cameraMode":{"drawMode":0,"name":"Shaded","section":"Shading Mode"},"sceneLighting":true,"audioPlay":false,"sceneViewState":{"showFog":true,"showMaterialUpdate":false,"showSkybox":true,"showFlares":true,"showImageEffects":true,"showParticleSystems":true},"in2DMode":false,"pivot":{"x":9.541399002075196,"y":-31.536699295043947,"z":35.91859436035156},"rotation":{"x":0.4569704830646515,"y":-0.5322014689445496,"z":0.4252002537250519,"w":0.5719664096832275},"size":98.41960906982422,"orthographic":false}