{"cameraMode":{"drawMode":0,"name":"Shaded","section":"Shading Mode"},"sceneLighting":true,"audioPlay":false,"sceneViewState":{"showFog":true,"showMaterialUpdate":false,"showSkybox":true,"showFlares":true,"showImageEffects":true,"showParticleSystems":true},"in2DMode":false,"pivot":{"x":2.1720046997070314,"y":-0.7874774932861328,"z":11.805740356445313},"rotation":{"x":0.24749374389648438,"y":-0.7437680959701538,"z":0.36812666058540347,"w":0.500039279460907},"size":1.9889600276947022,"orthographic":false}